Metrics,ElasticNet,Random Forest,XGBoost,SVR
GridSearchCV MSE,0.0466840308960245,0.03133238383054439,0.023545761683161696,0.027342605732709847
KFold MSE,0.04641351658430178,0.031546248198666596,0.02192039515197618,0.026172399259038564
Test Set MSE,0.05910531851579086,0.139010939850125,0.13043023898971,0.10317307104960549
Test Set R2,0.8633397083441228,0.6785860213544017,0.6984258786065518,0.761448506924048
