Metrics,ElasticNet,Random Forest,XGBoost,SVR
GridSearchCV MSE,0.14177090864543934,0.10395082421341281,0.0925230459823916,0.11522022393947826
KFold MSE,0.1389174516685899,0.09550521431659341,0.08638830367194641,0.10661973205642297
Test Set MSE,0.4569662755794141,0.20448573381647336,0.3228331669919078,0.4007555410418086
Test Set R2,0.288317512255186,0.6815324816556605,0.49721735784545906,0.3758605051006926
