Metrics,ElasticNet,Random Forest,XGBoost,SVR
GridSearchCV MSE,0.06155640976030702,0.07996599196446535,0.06893213300617063,0.05362219383021337
KFold MSE,0.06256984698087778,0.08188401833117627,0.06935433873378474,0.0544300281886584
Test Set MSE,0.05123125222621213,0.07794760803969862,0.04652879724193485,0.04941777005245519
Test Set R2,0.8649178210137995,0.7944744217011838,0.8773168516495506,0.8696994555227914
