Metrics,ElasticNet,Random Forest,XGBoost,SVR
GridSearchCV MSE,0.10374746576364864,0.10009051814790366,0.06947417061894105,0.08348896700631214
KFold MSE,0.10062933121460398,0.09415606311360644,0.069576839355123,0.0867329043016817
Test Set MSE,0.1018575839840767,0.09061103864436923,0.08378720231509988,0.07388253083367606
Test Set R2,0.7318087454845321,0.7614209254091292,0.7793881022669767,0.8054671252151541
