Metrics,ElasticNet,Random Forest,XGBoost,SVR
GridSearchCV MSE,0.06372388730904635,0.08483178790868053,0.07894155476003681,0.05963500445196572
KFold MSE,0.06376436892533668,0.08383017426419988,0.09997765994159025,0.05561330980262129
Test Set MSE,0.04092228581513799,0.020638721861238902,0.0083977957062268,0.01175780473205872
Test Set R2,0.7386771011079769,0.8682045609434162,0.9463730758304227,0.9249166180240274
