Metrics,ElasticNet,Random Forest,XGBoost,SVR
GridSearchCV MSE,0.10287187490482733,0.10094348514829983,0.10931387588448149,0.07923078781657965
KFold MSE,0.1041474916292173,0.09869765549687799,0.101769546648148,0.08102153277462916
Test Set MSE,0.09475658900009931,0.03782829684977255,0.018307631650287107,0.11075085379258237
Test Set R2,0.39490021064595704,0.758434799131535,0.8830905146327236,0.29276350058778755
