Metrics,ElasticNet,Random Forest,XGBoost,SVR
GridSearchCV MSE,0.08069514358783154,0.08114912821399417,0.09087029181404728,0.07141502153181209
KFold MSE,0.07561745289738572,0.08060948538583104,0.10877036891365129,0.06996920464986414
Test Set MSE,0.0532152627701881,0.06785361695029381,0.07197777736673847,0.043877471461395576
Test Set R2,0.6601761984844441,0.5666981076799876,0.5403619064132839,0.719805777953334
