Metrics,ElasticNet,Random Forest,XGBoost,SVR
GridSearchCV MSE,0.10792097771043882,0.08148072366003842,0.08260929931806012,0.08034370229208947
KFold MSE,0.1116627601167012,0.08153232916612402,0.07873919743775766,0.09256312974671102
Test Set MSE,0.07614180520355314,0.02529074791723928,0.04283101066757334,0.023461517116587394
Test Set R2,0.5137711184426628,0.8384974976535758,0.7264883022251653,0.8501786607667101
