Metrics,ElasticNet,Random Forest,XGBoost,SVR
GridSearchCV MSE,0.05062351357090204,0.05906973339676801,0.10451459505785117,0.04026377236439717
KFold MSE,0.05209758187830081,0.06520555487718585,0.10266483382394456,0.038044354593666035
Test Set MSE,3.4468918034226075,3.1159736480471922,3.0874361801727557,3.412334577001958
Test Set R2,-0.15627013428555103,-0.04526265224810411,-0.03568967354927177,-0.1446778096311292
