Metrics,ElasticNet,Random Forest,XGBoost,SVR
GridSearchCV MSE,0.7150985055415601,0.6461637785893286,0.6794147946620546,0.6011411598173152
KFold MSE,0.6828262063153091,0.6126445264032647,0.6360050057954213,0.5843250687895293
Test Set MSE,0.1983111924965624,0.05373466075264887,0.07226681918371237,0.08733716222403841
Test Set R2,0.6435319548917151,0.903410951081918,0.8700990527246293,0.843009831712611
