Metrics,ElasticNet,Random Forest,XGBoost,SVR
GridSearchCV MSE,0.059718477923897784,0.05928882225445446,0.09021858277450766,0.041164966469033275
KFold MSE,0.058613804817699865,0.057999997188432476,0.08573152420797886,0.040165281596418426
Test Set MSE,2.3351487201261483,2.1426031584391922,2.0800183721122885,2.286744073344666
Test Set R2,-0.2728436631657456,-0.1678908625361173,-0.133777125796267,-0.24645924174000533
