Metrics,ElasticNet,Random Forest,XGBoost,SVR
GridSearchCV MSE,0.22370524757752017,0.13640223469019405,0.14215590194877215,0.14829083151316141
KFold MSE,0.22053909811180034,0.12206538278665177,0.12872299546248533,0.13455861239745426
Test Set MSE,0.5576505281590481,0.389516088171864,0.3248558995644366,0.3693197245391181
Test Set R2,0.1315111499875431,0.39336490795674683,0.494067139927442,0.42481886655648515
