Metrics,ElasticNet,Random Forest,XGBoost,SVR
GridSearchCV MSE,0.1858744883830074,0.09920760448451091,0.06577517794379154,0.14026015874843328
KFold MSE,0.18476728843504026,0.09380278048791921,0.07504317423507949,0.1321075177133545
Test Set MSE,0.26922202408253554,0.1461537766808395,0.12578733638172762,0.22526582825939295
Test Set R2,0.526952592941363,0.7431946166874421,0.7789802913823023,0.6041875982465925
