Metrics,ElasticNet,Random Forest,XGBoost,SVR
GridSearchCV MSE,0.10306802439686287,0.10381294518067015,0.08311972741414739,0.08365204861690803
KFold MSE,0.10427375554047427,0.09696813585186564,0.074760843598911,0.08062440406869728
Test Set MSE,0.08444951802213464,0.0763834643699438,0.07683169577953011,0.05909286586551498
Test Set R2,0.7733202766321912,0.7949712090871199,0.7937680646014029,0.8413827005632522
