Metrics,ElasticNet,Random Forest,XGBoost,SVR
GridSearchCV MSE,0.14290130955227118,0.1043328387219297,0.09938806898110664,0.10296016156863579
KFold MSE,0.14131013756358865,0.09998996856164222,0.09811912482231505,0.10974253573171307
Test Set MSE,0.13971541255126993,0.09320551883153015,0.096632963491342,0.09158632421477408
Test Set R2,0.6321289951946145,0.7545896530679455,0.7455651833412633,0.7588529962436523
