Metrics,ElasticNet,Random Forest,XGBoost,SVR
GridSearchCV MSE,0.0018706862567451845,0.03405944845080289,0.041750810095831245,0.009240743046123875
KFold MSE,0.0022909669880156517,0.039190981532227984,0.06466724854515037,0.009661224404178978
Test Set MSE,0.005406223311201167,0.039692105177967535,0.09942346616509568,0.03674428218636691
Test Set R2,0.9294107365281015,0.48173867247460367,-0.29817598061039163,0.520228509435553
