Metrics,ElasticNet,Random Forest,XGBoost,SVR
GridSearchCV MSE,0.09220172197861884,0.06511317698232852,0.07287391099950637,0.05290875185312301
KFold MSE,0.08566192931873048,0.06211959713349685,0.08741715627480098,0.05105087943379831
Test Set MSE,0.1475760662939501,0.1398821307328287,0.14062368929987934,0.15623528711466633
Test Set R2,0.7632268958605157,0.775571153649765,0.7743813867164734,0.7493339209043571
