Metrics,ElasticNet,Random Forest,XGBoost,SVR
GridSearchCV MSE,0.2189122805085088,0.08539638571722952,0.08537231335886986,0.08848374001683967
KFold MSE,0.21674589195025068,0.08529794985517462,0.09458956522258116,0.08244337571323627
Test Set MSE,0.23369592485926122,0.1386700026376354,0.21256699923500366,0.12857759304848787
Test Set R2,0.6250549906686099,0.7775159089134129,0.6589545343603558,0.793708311968186
