Metrics,ElasticNet,Random Forest,XGBoost,SVR
GridSearchCV MSE,0.08710778566177399,0.061181087927725177,0.0629399289001529,0.04610040442001614
KFold MSE,0.08142109724157032,0.06117275035915233,0.06753709288537371,0.04597064215847141
Test Set MSE,0.1377316831011212,0.1398618927633287,0.08407772840097003,0.1499638297697301
Test Set R2,0.7790213618971824,0.7756036237309939,0.8651045169963969,0.7593959347547683
