Metrics,ElasticNet,Random Forest,XGBoost,SVR
GridSearchCV MSE,0.5333937250947157,0.3580002535824217,0.3702918310594034,0.34802220184263255
KFold MSE,0.528620863814215,0.36244929885708316,0.36486278581072773,0.3373305991317409
Test Set MSE,0.5690077562772495,0.4141987776116764,0.4185983158878071,0.3771260864678005
Test Set R2,0.08707600008219873,0.3354536899597722,0.32839500923613074,0.3949336339735646
