Metrics,ElasticNet,Random Forest,XGBoost,SVR
GridSearchCV MSE,0.7053707745822645,0.6402830864495118,0.6639334088578768,0.591522440883967
KFold MSE,0.6775508555699881,0.6256829273213704,0.638474030757348,0.5814423959390147
Test Set MSE,0.1953879021331227,0.05646167499180775,0.06848958976405327,0.08882673099148646
Test Set R2,0.6487866235164186,0.8985090924294757,0.8768886926345134,0.8403323042372227
