Metrics,ElasticNet,Random Forest,XGBoost,SVR
GridSearchCV MSE,0.09924033234360952,0.048688326615884105,0.07668500886101433,0.05614253084424402
KFold MSE,0.09685846130326195,0.04977541641326895,0.07576325600162181,0.054389281211133046
Test Set MSE,2.4740379890102244,2.3030891547203916,2.335409622669922,2.2756889570436423
Test Set R2,-0.3485494733598258,-0.25536862428755347,-0.2729858760135546,-0.24043331516494848
