Metrics,ElasticNet,Random Forest,XGBoost,SVR
GridSearchCV MSE,0.07489360131307445,0.08130354541073474,0.08469364550933506,0.0736849158368876
KFold MSE,0.07478529619005864,0.08363346761412485,0.0721733143475944,0.08410412185078724
Test Set MSE,0.07415337133810807,0.07209572087764872,0.0463749587432193,0.06683337118213689
Test Set R2,0.6886479156391054,0.6972874926157079,0.8052827564505954,0.7193828271469311
