Metrics,ElasticNet,Random Forest,XGBoost,SVR
GridSearchCV MSE,0.1640559332320683,0.12110205522391504,0.12294038702713901,0.10917395774236054
KFold MSE,0.16601571580274166,0.1303378003375478,0.1350967804486191,0.10590667959594627
Test Set MSE,0.13695948447891332,0.09337557665914095,0.09608671953261574,0.06892006371520029
Test Set R2,0.4249402259666535,0.6079385212485501,0.5965550875701575,0.7106213095265487
