Metrics,ElasticNet,Random Forest,XGBoost,SVR
GridSearchCV MSE,0.1348408327769946,0.09441848597952296,0.11817341711176543,0.10817933264609932
KFold MSE,0.13837211348473946,0.10335101487670084,0.11765908766745889,0.10796657387718785
Test Set MSE,0.11708812212517508,0.08400183842436379,0.0818497743795802,0.06562025477209044
Test Set R2,0.5083752738448808,0.6472965825879867,0.6563325793866537,0.7244764097585455
