Metrics,ElasticNet,Random Forest,XGBoost,SVR,Polynomial Regression
GridSearchCV MSE,36.74160950456289,78.03092602450867,42.26681068139989,21.457146387975456,303226.12641805405
KFold MSE,37.879203208253614,79.34333363341754,48.08685734881434,19.74355802110819,248374.07541743704
Test Set MSE,13.000354587536641,21.483240637657683,15.999061917588074,11.392959166200779,151837.45165501777
Test Set R2,0.967399531180496,0.9461273373865283,0.9598797928415217,0.9714303323375745,-379.7566997486249
