Metrics,ElasticNet,Random Forest,XGBoost,SVR
GridSearchCV MSE,1.2804616130014408,1.2070795543909354,1.0358089769921832,1.1590451934606136
KFold MSE,1.2449063322389253,1.2440198883503257,1.0345914455365188,1.165767303181163
Test Set MSE,0.3719741221058426,0.12107174857796414,0.062232877274476746,0.01923731600601029
Test Set R2,0.17238390418827665,0.7306239280734648,0.8615362524966799,0.9571983333769106
