Metrics,ElasticNet,Random Forest,XGBoost,SVR
GridSearchCV MSE,0.0666578508740868,0.0719450967441144,0.08321268815181825,0.050062154080955934
KFold MSE,0.06550484142118697,0.0676891935695684,0.07854606860405791,0.05079517025203014
Test Set MSE,0.11252284154604497,0.1404602684445333,0.11960828791362241,0.10650037938132931
Test Set R2,0.8586066710350744,0.8235012138886239,0.8497032800848533,0.8661743431835421
